<?xml version="1.0" encoding="utf-8"?>
<prefix name="spodwidgets" label="SPOD Widgets" language_tag="en" language_label="English"><key name="activities"><value>Activities</value></key><key name="activities_title"><value>Agora Activities</value></key><key name="datalet_description"><value>A &lt;b&gt;datalet&lt;/b&gt; is a reusable component able to load data from an Open Data source, filter it and visualise it. Datalets are the building block of discussions in SPOD. Below, you can see the latest datalet created in our platform.</value></key><key name="help_links_contents"><value>&lt;p&gt;&#13;
Welcome to our SPOD site! Here are a few quick SPOD links that you need to start your way around:&#13;
&lt;/p&gt;&#13;
&lt;ul class="ow_regular"&gt;&#13;
&lt;li&gt;&lt;a href="https://www.youtube.com/channel/UCAWoMmBHZoGgheViWek7-Ig/videos"&gt;Videos online&lt;/a&gt;&lt;/li&gt;&#13;
&lt;li&gt;&lt;a href="http://spod.routetopa.eu/Manual/SPODManualCurrentVersion.pdf"&gt; Manual online&lt;/a&gt;&lt;/li&gt;&#13;
&lt;/ul&gt;</value></key><key name="last_room"><value>The last public room created in the Agora is:</value></key><key name="users_online"><value>The number of users online is:</value></key><key name = "help_title" ><value>SPOD Help</value></key><key name = "activitiesdatalets_title" ><value>Meet the datalet!</value></key><key name = "tweets_label" ><value>Tweet Address</value></key><key name = "tweets_title" ><value>Tweet</value></key><key name = "html_widget_no_content" ><value>No content</value></key></prefix>
