<?xml version="1.0" encoding="utf-8"?>
<prefix name="spodwidgets" label="SPOD Widgets" language_tag="it" language_label="Italiano"><key name="activities"><value>Le attività</value></key><key name="activities_title"><value>Attività in Agora</value></key><key name="datalet_description"><value>Una &lt;b&gt;datalet&lt;/b&gt; è una componente riutilizzabile che permette di caricare i dati da fonti di Open Data, filtrali e visualizzarli. Le Datalets sono blocchi di discussioni in SPOD. Sotto, puoi vedere l’ultima datalet creata nella nostra piattaforma.</value></key><key name="last_room"><value>L'ultima Stanza Pubblica creata in Agorà è:</value></key><key name="meet_datalet"><value>Incontra le Datalets!</value></key><key name="users_online"><value>Il numero di utenti online è:</value></key><key name="help_links_contents"><value>&lt;p&gt;&#13;
Benvenuto in SPOD! Alcuni link per iniziare a conoscere SPOD:&#13;
&lt;/p&gt;&#13;
&lt;ul class="ow_regular"&gt;&#13;
&lt;li&gt;&lt;a href="https://www.youtube.com/channel/UCAWoMmBHZoGgheViWek7-Ig/videos"&gt;Videos online&lt;/a&gt;&lt;/li&gt;&#13;
&lt;li&gt;&lt;a href="http://spod.routetopa.eu/Manual/SPODManualCurrentVersion.pdf"&gt; Manuale online&lt;/a&gt;&lt;/li&gt;&#13;
&lt;/ul&gt;</value></key><key name="help_title"><value>Guida di SPOD</value></key><key name = "activitiesdatalets_title" ><value>Incontra le datalets!</value></key><key name = "tweets_label" ><value>Indirizzo Tweet</value></key><key name = "tweets_title" ><value>Tweet</value></key><key name = "html_widget_no_content" ><value>Nessun contenuto</value></key></prefix> 
