<?xml version="1.0" encoding="utf-8"?>
<prefix name="spodwidgets" label="SPOD Widgets" language_tag="fr" language_label="Français"><key name="activities"><value>Activités</value></key><key name="activities_title"><value>Agora Activités</value></key><key name="datalet_description"><value>Une datalet est un composant réutilisable qui permet de charger des données directement à partir de fichiers sources Open Data, de les filtrer et de les visualiser. Les datalets sont représentés par des blocs de discussions dans le SPOD. Ci-dessous, vous pouvez voir le datalet le plus récemment créé sur notre plateforme.</value></key><key name="last_room"><value>L'espace public le plus récemment créé dans l'Agora s'intitule:</value></key><key name="users_online"><value>Ici vous trouverez les récentes activités du SPOD. Il y utilisateurs en ligne widget:</value></key><key name="help_links_contents"><value>&lt;p&gt;&#13;
Welcome to our SPOD site! Here are a few quick SPOD links that you need to start your way around:&#13;
&lt;/p&gt;&#13;
&lt;ul class="ow_regular"&gt;&#13;
&lt;li&gt;&lt;a href="https://www.youtube.com/channel/UCAWoMmBHZoGgheViWek7-Ig/videos"&gt;Videos online&lt;/a&gt;&lt;/li&gt;&#13;
&lt;li&gt;&lt;a href="http://spod.routetopa.eu/Manual/SPODManualCurrentVersion.pdf"&gt; Manual online&lt;/a&gt;&lt;/li&gt;&#13;
&lt;/ul&gt;</value></key><key name = "help_title" ><value>SPOD Help</value></key><key name = "activitiesdatalets_title" ><value>A la rencontre des Datalets !</value></key><key name = "tweets_label" ><value>Tweet Address</value></key><key name = "tweets_title" ><value>Tweet</value></key><key name = "html_widget_no_content" ><value>No content</value></key></prefix>
